{
  "run_id": "customT10L3_T10_L3_qaoa_chunked_blk5_p1_20260701-031124",
  "timestamp": "20260701-031124",
  "owner": "",
  "method": "qaoa_chunked",
  "variant": "blk5_p1",
  "instance": "customT10L3",
  "T": 10,
  "L": 3,
  "official_status": "preliminary",
  "SRS": -0.2928827531847995,
  "Ccrit": 2.1778195116075942e+18,
  "Cdev": 0.0,
  "Csmooth": 0.0,
  "dSRS_vs_historical": 0.0,
  "dSRS_vs_threshold": 0.08120100788620743,
  "dSRS_vs_dp": 0.0,
  "min_storage": 348969800.0000005,
  "weeks_below_Smin": 11,
  "release_balance_error": 0.0,
  "feasible": true,
  "runtime_seconds": 0.9334225829952629,
  "delta_u": 2877960.490456566,
  "u_max": 2877960.490456566,
  "eta": 0.1,
  "S_max": 3288726000.0,
  "S_min": 822181500.0,
  "delta_u_full_ref": 3053171.405289538,
  "w1": 1.3448440131230304e-19,
  "w2": 1.2073421006682877e-15,
  "w3": 3.3537280574119103e-16,
  "encoding": "onehot",
  "n_qubits": 15,
  "p_depth": 1,
  "energy": null,
  "approximation_ratio": 1.0,
  "seed": 42,
  "simulator": "qiskit_aer_statevector",
  "penalties": null,
  "beta": null,
  "gamma": null,
  "optimizer_iterations": null,
  "window_start": null,
  "window_label": null,
  "u": [
    0.0,
    0.0,
    0.0,
    0.0,
    0.0,
    0.0,
    0.0,
    0.0,
    0.0,
    0.0
  ],
  "B": 10884648.541979078,
  "violations": {
    "release_negative": 0,
    "u_exceeds_umax": 0,
    "storage_out_of_bounds": 0,
    "balance_excess": 0.0,
    "min_release": 3319945.6702687973,
    "min_storage": 348969800.0000005,
    "max_storage": 402327751.1143201,
    "abs_balance": 0.0
  },
  "references": {
    "historical": -0.2928827531847995,
    "threshold": -0.37408376107100694,
    "dp": -0.2928827531847995
  }
}