{
  "run_id": "debug_T5_L3_threshold_balanced_middle_20260701-011613",
  "timestamp": "20260701-011613",
  "owner": "",
  "method": "threshold",
  "variant": "balanced",
  "instance": "debug",
  "T": 5,
  "L": 3,
  "official_status": "preliminary",
  "SRS": -0.3359643873304039,
  "Ccrit": 1.1750509940998702e+18,
  "Cdev": 14281075765649.357,
  "Csmooth": 7140537882824.679,
  "dSRS_vs_historical": -0.04108196861950225,
  "dSRS_vs_threshold": 0.0504876208184305,
  "dSRS_vs_dp": -0.04108196861950225,
  "min_storage": 353930802.6152051,
  "weeks_below_Smin": 6,
  "release_balance_error": 0.0,
  "feasible": true,
  "runtime_seconds": 0.0,
  "delta_u": 2672178.4900759677,
  "u_max": 2672178.4900759677,
  "eta": 0.1,
  "S_max": 3288726000.0,
  "S_min": 822181500.0,
  "delta_u_full_ref": 3053171.405289538,
  "w1": 2.4655473573922224e-19,
  "w2": 2.8009094452263215e-15,
  "w3": 8.752842016332254e-16,
  "encoding": null,
  "n_qubits": null,
  "p_depth": null,
  "energy": null,
  "approximation_ratio": null,
  "seed": null,
  "simulator": null,
  "penalties": null,
  "window_start": 23,
  "window_label": "middle",
  "u": [
    -2672178.4900759677,
    -2672178.4900759677,
    0.0,
    0.0,
    0.0
  ],
  "B": 5865499.524569646,
  "violations": {
    "release_negative": 0,
    "u_exceeds_umax": 0,
    "storage_out_of_bounds": 0,
    "balance_excess": 0.0,
    "min_release": 7719604.968219882,
    "min_storage": 353930802.6152051,
    "max_storage": 412206756.98015213,
    "abs_balance": 5344356.9801519355
  },
  "references": {
    "historical": -0.29488241871090165,
    "threshold": -0.3864520081488344,
    "dp": -0.29488241871090165
  }
}