{
  "run_id": "debug_T5_L3_threshold_pure_stress_20260701-011613",
  "timestamp": "20260701-011613",
  "owner": "",
  "method": "threshold",
  "variant": "pure",
  "instance": "debug",
  "T": 5,
  "L": 3,
  "official_status": "preliminary",
  "SRS": -0.4370853905465334,
  "Ccrit": 1.3671827861504323e+18,
  "Cdev": 77723731063936.0,
  "Csmooth": 0.0,
  "dSRS_vs_historical": -0.08597020768424929,
  "dSRS_vs_threshold": 0.0,
  "dSRS_vs_dp": -0.08597020768424929,
  "min_storage": 329290125.9150947,
  "weeks_below_Smin": 6,
  "release_balance_error": 11895491.01904951,
  "feasible": false,
  "runtime_seconds": 0.0,
  "delta_u": 3942682.616288965,
  "u_max": 3942682.616288965,
  "eta": 0.1,
  "S_max": 3288726000.0,
  "S_min": 822181500.0,
  "delta_u_full_ref": 3053171.405289538,
  "w1": 2.4655473573922224e-19,
  "w2": 1.2866083322446192e-15,
  "w3": 4.0206510382644357e-16,
  "encoding": null,
  "n_qubits": null,
  "p_depth": null,
  "energy": null,
  "approximation_ratio": null,
  "seed": null,
  "simulator": null,
  "penalties": null,
  "window_start": 17,
  "window_label": "stress",
  "u": [
    -3942682.616288965,
    -3942682.616288965,
    -3942682.616288965,
    -3942682.616288965,
    -3942682.616288965
  ],
  "B": 7817922.062395317,
  "violations": {
    "release_negative": 0,
    "u_exceeds_umax": 0,
    "storage_out_of_bounds": 0,
    "balance_excess": 11895491.01904951,
    "min_release": 4474065.435828766,
    "min_storage": 329290125.9150947,
    "max_storage": 371286900.63337666,
    "abs_balance": 19713413.081444826
  },
  "references": {
    "historical": -0.3511151828622841,
    "threshold": -0.4370853905465334,
    "dp": -0.3511151828622841
  }
}