{
  "run_id": "large_T52_L7_dp_full_20260701-011644",
  "timestamp": "20260701-011644",
  "owner": "",
  "method": "dp",
  "variant": null,
  "instance": "large",
  "T": 52,
  "L": 7,
  "official_status": "preliminary",
  "SRS": -0.17764296564957185,
  "Ccrit": 5.202463620608177e+18,
  "Cdev": 1398278344511653.8,
  "Csmooth": 65252989410543.86,
  "dSRS_vs_historical": 0.07505919024953164,
  "dSRS_vs_threshold": 0.010810407081379675,
  "dSRS_vs_dp": 0.0,
  "min_storage": 375611223.3226168,
  "weeks_below_Smin": 53,
  "release_balance_error": 0.0,
  "feasible": true,
  "runtime_seconds": 0.0,
  "delta_u": 3053171.405289538,
  "u_max": 9159514.215868615,
  "eta": 0.1,
  "S_max": 3288726000.0,
  "S_min": 822181500.0,
  "delta_u_full_ref": 3053171.405289538,
  "w1": 2.7911856876138367e-20,
  "w2": 2.2921961265498898e-17,
  "w3": 5.842852871597758e-18,
  "encoding": null,
  "n_qubits": null,
  "p_depth": null,
  "energy": null,
  "approximation_ratio": null,
  "seed": null,
  "simulator": null,
  "penalties": null,
  "window_start": 0,
  "window_label": "full",
  "u": [
    -3053171.405289538,
    -6106342.810579076,
    -6106342.810579076,
    -9159514.215868615,
    -9159514.215868615,
    -9159514.215868615,
    -9159514.215868615,
    -9159514.215868615,
    -9159514.215868615,
    -9159514.215868615,
    -6106342.810579076,
    -6106342.810579076,
    -6106342.810579076,
    -6106342.810579076,
    -6106342.810579076,
    -6106342.810579076,
    -6106342.810579076,
    -3053171.405289538,
    -3053171.405289538,
    -3053171.405289538,
    -3053171.405289538,
    -3053171.405289538,
    -3053171.405289538,
    -3053171.405289538,
    -3053171.405289538,
    0.0,
    0.0,
    0.0,
    0.0,
    0.0,
    0.0,
    0.0,
    0.0,
    0.0,
    3053171.405289538,
    3053171.405289538,
    3053171.405289538,
    3053171.405289538,
    3053171.405289538,
    3053171.405289538,
    3053171.405289538,
    3053171.405289538,
    3053171.405289538,
    3053171.405289538,
    6106342.810579076,
    6106342.810579076,
    6106342.810579076,
    6106342.810579076,
    6106342.810579076,
    6106342.810579076,
    6106342.810579076,
    6106342.810579076
  ],
  "B": 68964639.42219722,
  "violations": {
    "release_negative": 0,
    "u_exceeds_umax": 0,
    "storage_out_of_bounds": 0,
    "balance_excess": 0.0,
    "min_release": 156662.09924540855,
    "min_storage": 375611223.3226168,
    "max_storage": 716009770.9163688,
    "abs_balance": 67169770.91636984
  },
  "references": {
    "historical": -0.2527021558991035,
    "threshold": -0.18845337273095153,
    "dp": -0.17764296564957185
  }
}