{
  "run_id": "large_T52_L5_threshold_clamped_20260630-204114",
  "timestamp": "20260630-204114",
  "owner": "",
  "method": "threshold",
  "variant": "clamped",
  "instance": "large",
  "T": 52,
  "L": 5,
  "official_status": "preliminary",
  "SRS": -0.2020841128410697,
  "Ccrit": 6.354095829979956e+18,
  "Cdev": 479303042541944.56,
  "Csmooth": 739856410349.8508,
  "dSRS_vs_historical": 0.0506180430580338,
  "dSRS_vs_threshold": 0.0002581487787707004,
  "dSRS_vs_dp": -0.0006182023569775152,
  "min_storage": 375611223.3226168,
  "weeks_below_Smin": 53,
  "release_balance_error": 88833511.6516023,
  "feasible": false,
  "runtime_seconds": 1.0667004971764982e-05,
  "delta_u": 3053171.405289538,
  "u_max": 6106342.810579076,
  "eta": 0.1,
  "S_max": 3288726000.0,
  "S_min": 822181500.0,
  "delta_u_full_ref": 3053171.405289538,
  "w1": 2.7911856876138367e-20,
  "w2": 5.1574412847372514e-17,
  "w3": 1.3146418961094954e-17,
  "encoding": null,
  "n_qubits": null,
  "p_depth": null,
  "energy": null,
  "approximation_ratio": null,
  "seed": null,
  "simulator": null,
  "penalties": null,
  "u": [
    -3053171.405289538,
    -3053171.405289538,
    -3053171.405289538,
    -3053171.405289538,
    -3053171.405289538,
    -3053171.405289538,
    -3053171.405289538,
    -3053171.405289538,
    -3053171.405289538,
    -3053171.405289538,
    -3053171.405289538,
    -3053171.405289538,
    -3053171.405289538,
    -3053171.405289538,
    -3053171.405289538,
    -3053171.405289538,
    -3053171.405289538,
    -3053171.405289538,
    -3053171.405289538,
    -3053171.405289538,
    -3053171.405289538,
    -3053171.405289538,
    -3053171.405289538,
    -3053171.405289538,
    -3053171.405289538,
    -3053171.405289538,
    -3053171.405289538,
    -3053171.405289538,
    -3053171.405289538,
    -3053171.405289538,
    -3053171.405289538,
    -3053171.405289538,
    -3053171.405289538,
    -3053171.405289538,
    -3053171.405289538,
    -3053171.405289538,
    -3053171.405289538,
    -3053171.405289538,
    -3053171.405289538,
    -3053171.405289538,
    -3053171.405289538,
    -3053171.405289538,
    -3053171.405289538,
    -3053171.405289538,
    -3053171.405289538,
    -3053171.405289538,
    -3053171.405289538,
    -2533626.954321043,
    -3053171.405289538,
    -3053171.405289538,
    -3053171.405289538,
    -2605953.855001604
  ],
  "B": 68964639.42219722,
  "violations": {
    "release_negative": 0,
    "u_exceeds_umax": 0,
    "storage_out_of_bounds": 0,
    "balance_excess": 88833511.6516023,
    "min_release": 0.0,
    "min_storage": 375611223.3226168,
    "max_storage": 806638151.0737988,
    "abs_balance": 157798151.07379952
  },
  "references": {
    "historical": -0.2527021558991035,
    "threshold": -0.2023422616198404,
    "dp": -0.20146591048409218
  }
}