{
  "run_id": "large_T52_L5_threshold_pure_20260630-164135",
  "timestamp": "20260630-164135",
  "owner": "",
  "method": "threshold",
  "variant": "pure",
  "instance": "large",
  "T": 52,
  "L": 5,
  "official_status": "preliminary",
  "SRS": -0.2023422616198404,
  "Ccrit": 6.35365330249486e+18,
  "Cdev": 484736492764040.06,
  "Csmooth": 0.0,
  "dSRS_vs_historical": 0.0503598942792631,
  "dSRS_vs_threshold": 0.0,
  "dSRS_vs_dp": -0.0008763511357482157,
  "min_storage": 375611223.3226168,
  "weeks_below_Smin": 53,
  "release_balance_error": 89800273.65285873,
  "feasible": false,
  "runtime_seconds": 7.166003342717886e-06,
  "delta_u": 3053171.405289538,
  "u_max": 6106342.810579076,
  "eta": 0.1,
  "S_max": 3288726000.0,
  "S_min": 822181500.0,
  "delta_u_full_ref": 3053171.405289538,
  "w1": 2.7911856876138367e-20,
  "w2": 5.1574412847372514e-17,
  "w3": 1.3146418961094954e-17,
  "encoding": null,
  "n_qubits": null,
  "p_depth": null,
  "energy": null,
  "approximation_ratio": null,
  "seed": null,
  "simulator": null,
  "penalties": null,
  "u": [
    -3053171.405289538,
    -3053171.405289538,
    -3053171.405289538,
    -3053171.405289538,
    -3053171.405289538,
    -3053171.405289538,
    -3053171.405289538,
    -3053171.405289538,
    -3053171.405289538,
    -3053171.405289538,
    -3053171.405289538,
    -3053171.405289538,
    -3053171.405289538,
    -3053171.405289538,
    -3053171.405289538,
    -3053171.405289538,
    -3053171.405289538,
    -3053171.405289538,
    -3053171.405289538,
    -3053171.405289538,
    -3053171.405289538,
    -3053171.405289538,
    -3053171.405289538,
    -3053171.405289538,
    -3053171.405289538,
    -3053171.405289538,
    -3053171.405289538,
    -3053171.405289538,
    -3053171.405289538,
    -3053171.405289538,
    -3053171.405289538,
    -3053171.405289538,
    -3053171.405289538,
    -3053171.405289538,
    -3053171.405289538,
    -3053171.405289538,
    -3053171.405289538,
    -3053171.405289538,
    -3053171.405289538,
    -3053171.405289538,
    -3053171.405289538,
    -3053171.405289538,
    -3053171.405289538,
    -3053171.405289538,
    -3053171.405289538,
    -3053171.405289538,
    -3053171.405289538,
    -3053171.405289538,
    -3053171.405289538,
    -3053171.405289538,
    -3053171.405289538,
    -3053171.405289538
  ],
  "B": 68964639.42219722,
  "violations": {
    "release_negative": 2,
    "u_exceeds_umax": 0,
    "storage_out_of_bounds": 0,
    "balance_excess": 89800273.65285873,
    "min_release": -519544.4509684951,
    "min_storage": 375611223.3226168,
    "max_storage": 807604913.0750552,
    "abs_balance": 158764913.07505596
  },
  "references": {
    "historical": -0.2527021558991035,
    "threshold": -0.2023422616198404,
    "dp": -0.20146591048409218
  }
}