{
  "run_id": "large_T52_L5_threshold_balanced_full_20260701-011643",
  "timestamp": "20260701-011643",
  "owner": "",
  "method": "threshold",
  "variant": "balanced",
  "instance": "large",
  "T": 52,
  "L": 5,
  "official_status": "preliminary",
  "SRS": -0.20656571481606528,
  "Ccrit": 7.017313236762077e+18,
  "Cdev": 205080823861709.25,
  "Csmooth": 9321855630077.693,
  "dSRS_vs_historical": 0.046136441083038215,
  "dSRS_vs_threshold": -0.004223453196224886,
  "dSRS_vs_dp": -0.005099804331973101,
  "min_storage": 375611223.3226168,
  "weeks_below_Smin": 53,
  "release_balance_error": 0.0,
  "feasible": true,
  "runtime_seconds": 0.0,
  "delta_u": 3053171.405289538,
  "u_max": 6106342.810579076,
  "eta": 0.1,
  "S_max": 3288726000.0,
  "S_min": 822181500.0,
  "delta_u_full_ref": 3053171.405289538,
  "w1": 2.7911856876138367e-20,
  "w2": 5.1574412847372514e-17,
  "w3": 1.3146418961094954e-17,
  "encoding": null,
  "n_qubits": null,
  "p_depth": null,
  "energy": null,
  "approximation_ratio": null,
  "seed": null,
  "simulator": null,
  "penalties": null,
  "window_start": 0,
  "window_label": "full",
  "u": [
    -3053171.405289538,
    -3053171.405289538,
    -3053171.405289538,
    -3053171.405289538,
    -3053171.405289538,
    -3053171.405289538,
    -3053171.405289538,
    -3053171.405289538,
    -3053171.405289538,
    -3053171.405289538,
    -3053171.405289538,
    -3053171.405289538,
    -3053171.405289538,
    -3053171.405289538,
    -3053171.405289538,
    -3053171.405289538,
    -3053171.405289538,
    -3053171.405289538,
    -3053171.405289538,
    -3053171.405289538,
    -3053171.405289538,
    -3053171.405289538,
    0.0,
    0.0,
    0.0,
    0.0,
    0.0,
    0.0,
    0.0,
    0.0,
    0.0,
    0.0,
    0.0,
    0.0,
    0.0,
    0.0,
    0.0,
    0.0,
    0.0,
    0.0,
    0.0,
    0.0,
    0.0,
    0.0,
    0.0,
    0.0,
    0.0,
    0.0,
    0.0,
    0.0,
    0.0,
    0.0
  ],
  "B": 68964639.42219722,
  "violations": {
    "release_negative": 0,
    "u_exceeds_umax": 0,
    "storage_out_of_bounds": 0,
    "balance_excess": 0.0,
    "min_release": 266774.2649792591,
    "min_storage": 375611223.3226168,
    "max_storage": 716009770.9163688,
    "abs_balance": 67169770.91636984
  },
  "references": {
    "historical": -0.2527021558991035,
    "threshold": -0.2023422616198404,
    "dp": -0.20146591048409218
  }
}