{
  "run_id": "large_T52_L5_historical_20260630-164135",
  "timestamp": "20260630-164135",
  "owner": "",
  "method": "historical",
  "variant": null,
  "instance": "large",
  "T": 52,
  "L": 5,
  "official_status": "preliminary",
  "SRS": -0.2527021558991035,
  "Ccrit": 9.053577374679671e+18,
  "Cdev": 0.0,
  "Csmooth": 0.0,
  "dSRS_vs_historical": 0.0,
  "dSRS_vs_threshold": -0.0503598942792631,
  "dSRS_vs_dp": -0.05123624541501132,
  "min_storage": 317462078.0662278,
  "weeks_below_Smin": 53,
  "release_balance_error": 0.0,
  "feasible": true,
  "runtime_seconds": 5.839974619448185e-07,
  "delta_u": 3053171.405289538,
  "u_max": 6106342.810579076,
  "eta": 0.1,
  "S_max": 3288726000.0,
  "S_min": 822181500.0,
  "delta_u_full_ref": 3053171.405289538,
  "w1": 2.7911856876138367e-20,
  "w2": 5.1574412847372514e-17,
  "w3": 1.3146418961094954e-17,
  "encoding": null,
  "n_qubits": null,
  "p_depth": null,
  "energy": null,
  "approximation_ratio": null,
  "seed": null,
  "simulator": null,
  "penalties": null,
  "u": [
    0.0,
    0.0,
    0.0,
    0.0,
    0.0,
    0.0,
    0.0,
    0.0,
    0.0,
    0.0,
    0.0,
    0.0,
    0.0,
    0.0,
    0.0,
    0.0,
    0.0,
    0.0,
    0.0,
    0.0,
    0.0,
    0.0,
    0.0,
    0.0,
    0.0,
    0.0,
    0.0,
    0.0,
    0.0,
    0.0,
    0.0,
    0.0,
    0.0,
    0.0,
    0.0,
    0.0,
    0.0,
    0.0,
    0.0,
    0.0,
    0.0,
    0.0,
    0.0,
    0.0,
    0.0,
    0.0,
    0.0,
    0.0,
    0.0,
    0.0,
    0.0,
    0.0
  ],
  "B": 68964639.42219722,
  "violations": {
    "release_negative": 0,
    "u_exceeds_umax": 0,
    "storage_out_of_bounds": 0,
    "balance_excess": 0.0,
    "min_release": 2533626.954321043,
    "min_storage": 317462078.0662278,
    "max_storage": 648839999.9999993,
    "abs_balance": 0.0
  },
  "references": {
    "historical": -0.2527021558991035,
    "threshold": -0.2023422616198404,
    "dp": -0.20146591048409218
  }
}