{
  "run_id": "large_T52_L7_historical_full_20260701-011644",
  "timestamp": "20260701-011644",
  "owner": "",
  "method": "historical",
  "variant": null,
  "instance": "large",
  "T": 52,
  "L": 7,
  "official_status": "preliminary",
  "SRS": -0.2527021558991035,
  "Ccrit": 9.053577374679671e+18,
  "Cdev": 0.0,
  "Csmooth": 0.0,
  "dSRS_vs_historical": 0.0,
  "dSRS_vs_threshold": -0.06424878316815197,
  "dSRS_vs_dp": -0.07505919024953164,
  "min_storage": 317462078.0662278,
  "weeks_below_Smin": 53,
  "release_balance_error": 0.0,
  "feasible": true,
  "runtime_seconds": 0.0,
  "delta_u": 3053171.405289538,
  "u_max": 9159514.215868615,
  "eta": 0.1,
  "S_max": 3288726000.0,
  "S_min": 822181500.0,
  "delta_u_full_ref": 3053171.405289538,
  "w1": 2.7911856876138367e-20,
  "w2": 2.2921961265498898e-17,
  "w3": 5.842852871597758e-18,
  "encoding": null,
  "n_qubits": null,
  "p_depth": null,
  "energy": null,
  "approximation_ratio": null,
  "seed": null,
  "simulator": null,
  "penalties": null,
  "window_start": 0,
  "window_label": "full",
  "u": [
    0.0,
    0.0,
    0.0,
    0.0,
    0.0,
    0.0,
    0.0,
    0.0,
    0.0,
    0.0,
    0.0,
    0.0,
    0.0,
    0.0,
    0.0,
    0.0,
    0.0,
    0.0,
    0.0,
    0.0,
    0.0,
    0.0,
    0.0,
    0.0,
    0.0,
    0.0,
    0.0,
    0.0,
    0.0,
    0.0,
    0.0,
    0.0,
    0.0,
    0.0,
    0.0,
    0.0,
    0.0,
    0.0,
    0.0,
    0.0,
    0.0,
    0.0,
    0.0,
    0.0,
    0.0,
    0.0,
    0.0,
    0.0,
    0.0,
    0.0,
    0.0,
    0.0
  ],
  "B": 68964639.42219722,
  "violations": {
    "release_negative": 0,
    "u_exceeds_umax": 0,
    "storage_out_of_bounds": 0,
    "balance_excess": 0.0,
    "min_release": 2533626.954321043,
    "min_storage": 317462078.0662278,
    "max_storage": 648839999.9999993,
    "abs_balance": 0.0
  },
  "references": {
    "historical": -0.2527021558991035,
    "threshold": -0.18845337273095153,
    "dp": -0.17764296564957185
  }
}