{
  "run_id": "medium_T26_L5_historical_20260630-164135",
  "timestamp": "20260630-164135",
  "owner": "",
  "method": "historical",
  "variant": null,
  "instance": "medium",
  "T": 26,
  "L": 5,
  "official_status": "preliminary",
  "SRS": -0.31153406268497746,
  "Ccrit": 5.685971830470834e+18,
  "Cdev": 0.0,
  "Csmooth": 0.0,
  "dSRS_vs_historical": 0.0,
  "dSRS_vs_threshold": -0.02260042438988058,
  "dSRS_vs_dp": -0.021111089086848778,
  "min_storage": 317462078.0662278,
  "weeks_below_Smin": 27,
  "release_balance_error": 0.0,
  "feasible": true,
  "runtime_seconds": 7.080016075633466e-07,
  "delta_u": 2804362.4869818557,
  "u_max": 5608724.973963711,
  "eta": 0.1,
  "S_max": 3288726000.0,
  "S_min": 822181500.0,
  "delta_u_full_ref": 3053171.405289538,
  "w1": 5.478994127538273e-20,
  "w2": 1.222639331281485e-16,
  "w3": 3.1788622613318614e-17,
  "encoding": null,
  "n_qubits": null,
  "p_depth": null,
  "energy": null,
  "approximation_ratio": null,
  "seed": null,
  "simulator": null,
  "penalties": null,
  "u": [
    0.0,
    0.0,
    0.0,
    0.0,
    0.0,
    0.0,
    0.0,
    0.0,
    0.0,
    0.0,
    0.0,
    0.0,
    0.0,
    0.0,
    0.0,
    0.0,
    0.0,
    0.0,
    0.0,
    0.0,
    0.0,
    0.0,
    0.0,
    0.0,
    0.0,
    0.0
  ],
  "B": 31150116.362155832,
  "violations": {
    "release_negative": 0,
    "u_exceeds_umax": 0,
    "storage_out_of_bounds": 0,
    "balance_excess": 0.0,
    "min_release": 3319945.6702687973,
    "min_storage": 317462078.0662278,
    "max_storage": 402327751.1143201,
    "abs_balance": 0.0
  },
  "references": {
    "historical": -0.31153406268497746,
    "threshold": -0.2889336382950969,
    "dp": -0.2904229735981287
  }
}