{
  "run_id": "medium_T26_L5_dp_stress_20260701-011643",
  "timestamp": "20260701-011643",
  "owner": "",
  "method": "dp",
  "variant": null,
  "instance": "medium",
  "T": 26,
  "L": 5,
  "official_status": "preliminary",
  "SRS": -0.2904229735981287,
  "Ccrit": 5.10305439306665e+18,
  "Cdev": 86508938542301.64,
  "Csmooth": 7864448958391.059,
  "dSRS_vs_historical": 0.021111089086848778,
  "dSRS_vs_threshold": -0.0014893353030318024,
  "dSRS_vs_dp": 0.0,
  "min_storage": 348310065.42302835,
  "weeks_below_Smin": 27,
  "release_balance_error": 0.0,
  "feasible": true,
  "runtime_seconds": 0.0,
  "delta_u": 2804362.4869818557,
  "u_max": 5608724.973963711,
  "eta": 0.1,
  "S_max": 3288726000.0,
  "S_min": 822181500.0,
  "delta_u_full_ref": 3053171.405289538,
  "w1": 5.478994127538273e-20,
  "w2": 1.222639331281485e-16,
  "w3": 3.1788622613318614e-17,
  "encoding": null,
  "n_qubits": null,
  "p_depth": null,
  "energy": null,
  "approximation_ratio": null,
  "seed": null,
  "simulator": null,
  "penalties": null,
  "window_start": 0,
  "window_label": "stress",
  "u": [
    -2804362.4869818557,
    -2804362.4869818557,
    -2804362.4869818557,
    -2804362.4869818557,
    -2804362.4869818557,
    -2804362.4869818557,
    -2804362.4869818557,
    -2804362.4869818557,
    -2804362.4869818557,
    -2804362.4869818557,
    -2804362.4869818557,
    0.0,
    0.0,
    0.0,
    0.0,
    0.0,
    0.0,
    0.0,
    0.0,
    0.0,
    0.0,
    0.0,
    0.0,
    0.0,
    0.0,
    0.0
  ],
  "B": 31150116.362155832,
  "violations": {
    "release_negative": 0,
    "u_exceeds_umax": 0,
    "storage_out_of_bounds": 0,
    "balance_excess": 0.0,
    "min_release": 515583.1832869416,
    "min_storage": 348310065.42302835,
    "max_storage": 418514987.35680056,
    "abs_balance": 30847987.356800415
  },
  "references": {
    "historical": -0.31153406268497746,
    "threshold": -0.2889336382950969,
    "dp": -0.2904229735981287
  }
}