{
  "run_id": "medium_T26_L5_qaoa_chunked_blk5_p1_20260701-032231",
  "timestamp": "20260701-032231",
  "owner": "",
  "method": "qaoa_chunked",
  "variant": "blk5_p1",
  "instance": "medium",
  "T": 26,
  "L": 5,
  "official_status": "preliminary",
  "SRS": -0.3562585231489004,
  "Ccrit": 4.789426000364215e+18,
  "Cdev": 644884814588066.9,
  "Csmooth": 471866937503463.5,
  "dSRS_vs_historical": -0.04472446046392292,
  "dSRS_vs_threshold": -0.0673248848538035,
  "dSRS_vs_dp": -0.0658355495507717,
  "min_storage": 373549327.80586517,
  "weeks_below_Smin": 27,
  "release_balance_error": 24937133.37748129,
  "feasible": false,
  "runtime_seconds": 645.3132780419983,
  "delta_u": 2804362.4869818557,
  "u_max": 5608724.973963711,
  "eta": 0.1,
  "S_max": 3288726000.0,
  "S_min": 822181500.0,
  "delta_u_full_ref": 3053171.405289538,
  "w1": 5.478994127538273e-20,
  "w2": 1.222639331281485e-16,
  "w3": 3.1788622613318614e-17,
  "encoding": "onehot",
  "n_qubits": 25,
  "p_depth": 1,
  "energy": null,
  "approximation_ratio": 1.2266885044771676,
  "seed": 42,
  "simulator": "qiskit_aer_statevector",
  "penalties": null,
  "beta": null,
  "gamma": null,
  "optimizer_iterations": null,
  "window_start": null,
  "window_label": null,
  "u": [
    -5608724.973963711,
    -5608724.973963711,
    -5608724.973963711,
    -5608724.973963711,
    -5608724.973963711,
    -5608724.973963711,
    -2804362.4869818557,
    -2804362.4869818557,
    5608724.973963711,
    5608724.973963711,
    -2804362.4869818557,
    -5608724.973963711,
    -2804362.4869818557,
    5608724.973963711,
    5608724.973963711,
    -5608724.973963711,
    -5608724.973963711,
    -5608724.973963711,
    -5608724.973963711,
    -5608724.973963711,
    -5608724.973963711,
    -5608724.973963711,
    2804362.4869818557,
    2804362.4869818557,
    5608724.973963711,
    0.0
  ],
  "B": 31150116.362155832,
  "violations": {
    "release_negative": 1,
    "u_exceeds_umax": 0,
    "storage_out_of_bounds": 0,
    "balance_excess": 24937133.37748129,
    "min_release": -2288779.303694914,
    "min_storage": 373549327.80586517,
    "max_storage": 443754249.7396374,
    "abs_balance": 56087249.73963712
  },
  "references": {
    "historical": -0.31153406268497746,
    "threshold": -0.2889336382950969,
    "dp": -0.2904229735981287
  }
}