{
  "run_id": "medium_T26_L5_threshold_pure_20260630-164135",
  "timestamp": "20260630-164135",
  "owner": "",
  "method": "threshold",
  "variant": "pure",
  "instance": "medium",
  "T": 26,
  "L": 5,
  "official_status": "preliminary",
  "SRS": -0.2889336382950969,
  "Ccrit": 4.817191479883607e+18,
  "Cdev": 204475672918167.53,
  "Csmooth": 0.0,
  "dSRS_vs_historical": 0.02260042438988058,
  "dSRS_vs_threshold": 0.0,
  "dSRS_vs_dp": 0.0014893353030318024,
  "min_storage": 373549327.80586517,
  "weeks_below_Smin": 27,
  "release_balance_error": 41763308.29937241,
  "feasible": false,
  "runtime_seconds": 4.457993782125413e-06,
  "delta_u": 2804362.4869818557,
  "u_max": 5608724.973963711,
  "eta": 0.1,
  "S_max": 3288726000.0,
  "S_min": 822181500.0,
  "delta_u_full_ref": 3053171.405289538,
  "w1": 5.478994127538273e-20,
  "w2": 1.222639331281485e-16,
  "w3": 3.1788622613318614e-17,
  "encoding": null,
  "n_qubits": null,
  "p_depth": null,
  "energy": null,
  "approximation_ratio": null,
  "seed": null,
  "simulator": null,
  "penalties": null,
  "u": [
    -2804362.4869818557,
    -2804362.4869818557,
    -2804362.4869818557,
    -2804362.4869818557,
    -2804362.4869818557,
    -2804362.4869818557,
    -2804362.4869818557,
    -2804362.4869818557,
    -2804362.4869818557,
    -2804362.4869818557,
    -2804362.4869818557,
    -2804362.4869818557,
    -2804362.4869818557,
    -2804362.4869818557,
    -2804362.4869818557,
    -2804362.4869818557,
    -2804362.4869818557,
    -2804362.4869818557,
    -2804362.4869818557,
    -2804362.4869818557,
    -2804362.4869818557,
    -2804362.4869818557,
    -2804362.4869818557,
    -2804362.4869818557,
    -2804362.4869818557,
    -2804362.4869818557
  ],
  "B": 31150116.362155832,
  "violations": {
    "release_negative": 0,
    "u_exceeds_umax": 0,
    "storage_out_of_bounds": 0,
    "balance_excess": 41763308.29937241,
    "min_release": 515583.1832869416,
    "min_storage": 373549327.80586517,
    "max_storage": 460580424.6615286,
    "abs_balance": 72913424.66152824
  },
  "references": {
    "historical": -0.31153406268497746,
    "threshold": -0.2889336382950969,
    "dp": -0.2904229735981287
  }
}