{
  "run_id": "medium_T26_L5_qubo_sa_20260701-023309",
  "timestamp": "20260701-023309",
  "owner": "",
  "method": "qubo_sa",
  "variant": null,
  "instance": "medium",
  "T": 26,
  "L": 5,
  "official_status": "preliminary",
  "SRS": -0.3226766702648148,
  "Ccrit": 5.033274679468841e+18,
  "Cdev": 275255713543687.06,
  "Csmooth": 416815794794726.2,
  "dSRS_vs_historical": -0.011142607579837316,
  "dSRS_vs_threshold": -0.033743031969717896,
  "dSRS_vs_dp": -0.032253696666686094,
  "min_storage": 356723152.88397396,
  "weeks_below_Smin": 27,
  "release_balance_error": 0.0,
  "feasible": true,
  "runtime_seconds": 0.5528034590097377,
  "delta_u": 2804362.4869818557,
  "u_max": 5608724.973963711,
  "eta": 0.1,
  "S_max": 3288726000.0,
  "S_min": 822181500.0,
  "delta_u_full_ref": 3053171.405289538,
  "w1": 5.478994127538273e-20,
  "w2": 1.222639331281485e-16,
  "w3": 3.1788622613318614e-17,
  "encoding": "onehot",
  "n_qubits": 135,
  "p_depth": null,
  "energy": 0.0008091928904072621,
  "approximation_ratio": 1.1110576627843394,
  "seed": 42,
  "simulator": "numpy_sa",
  "penalties": {
    "onehot": 3.1153406268497745,
    "R": 3.1153406268497745,
    "bal_soft": 3.2105999314703844e-15,
    "bal_slack": 3.1153406268497745
  },
  "beta": null,
  "gamma": null,
  "optimizer_iterations": null,
  "window_start": null,
  "window_label": null,
  "u": [
    -2804362.4869818557,
    -2804362.4869818557,
    0.0,
    -5608724.973963711,
    0.0,
    -5608724.973963711,
    -2804362.4869818557,
    0.0,
    0.0,
    -2804362.4869818557,
    -5608724.973963711,
    -2804362.4869818557,
    -2804362.4869818557,
    0.0,
    0.0,
    -5608724.973963711,
    0.0,
    -2804362.4869818557,
    0.0,
    2804362.4869818557,
    -5608724.973963711,
    2804362.4869818557,
    2804362.4869818557,
    2804362.4869818557,
    0.0,
    5608724.973963711
  ],
  "B": 31150116.362155832,
  "violations": {
    "release_negative": 0,
    "u_exceeds_umax": 0,
    "storage_out_of_bounds": 0,
    "balance_excess": 0.0,
    "min_release": 515583.1832869416,
    "min_storage": 356723152.88397396,
    "max_storage": 418514987.35680056,
    "abs_balance": 30847987.35680041
  },
  "references": {
    "historical": -0.31153406268497746,
    "threshold": -0.2889336382950969,
    "dp": -0.2904229735981287
  }
}