{
  "run_id": "medium_T26_L5_historical_middle_20260701-011643",
  "timestamp": "20260701-011643",
  "owner": "",
  "method": "historical",
  "variant": null,
  "instance": "medium",
  "T": 26,
  "L": 5,
  "official_status": "preliminary",
  "SRS": -0.2816682057978247,
  "Ccrit": 5.140874387547099e+18,
  "Cdev": 0.0,
  "Csmooth": 0.0,
  "dSRS_vs_historical": 0.0,
  "dSRS_vs_threshold": -0.024588512302062937,
  "dSRS_vs_dp": -0.024857213994678773,
  "min_storage": 317462078.0662278,
  "weeks_below_Smin": 27,
  "release_balance_error": 0.0,
  "feasible": true,
  "runtime_seconds": 0.0,
  "delta_u": 3345306.6732179048,
  "u_max": 6690613.3464358095,
  "eta": 0.1,
  "S_max": 3288726000.0,
  "S_min": 822181500.0,
  "delta_u_full_ref": 3053171.405289538,
  "w1": 5.478994127538273e-20,
  "w2": 8.592010260139945e-17,
  "w3": 2.2339226676363854e-17,
  "encoding": null,
  "n_qubits": null,
  "p_depth": null,
  "energy": null,
  "approximation_ratio": null,
  "seed": null,
  "simulator": null,
  "penalties": null,
  "window_start": 13,
  "window_label": "middle",
  "u": [
    0.0,
    0.0,
    0.0,
    0.0,
    0.0,
    0.0,
    0.0,
    0.0,
    0.0,
    0.0,
    0.0,
    0.0,
    0.0,
    0.0,
    0.0,
    0.0,
    0.0,
    0.0,
    0.0,
    0.0,
    0.0,
    0.0,
    0.0,
    0.0,
    0.0,
    0.0
  ],
  "B": 41376692.59454608,
  "violations": {
    "release_negative": 0,
    "u_exceeds_umax": 0,
    "storage_out_of_bounds": 0,
    "balance_excess": 0.0,
    "min_release": 8416748.052117731,
    "min_storage": 317462078.0662278,
    "max_storage": 443713543.81735504,
    "abs_balance": 0.0
  },
  "references": {
    "historical": -0.2816682057978247,
    "threshold": -0.25707969349576176,
    "dp": -0.2568109918031459
  }
}