{
  "run_id": "small_T12_L3_brute_middle_20260701-011638",
  "timestamp": "20260701-011638",
  "owner": "",
  "method": "brute",
  "variant": null,
  "instance": "small",
  "T": 12,
  "L": 3,
  "official_status": "preliminary",
  "SRS": -0.29242934804209647,
  "Ccrit": 2.5698022747696195e+18,
  "Cdev": 0.0,
  "Csmooth": 0.0,
  "dSRS_vs_historical": 0.0,
  "dSRS_vs_threshold": 0.0791300179768889,
  "dSRS_vs_dp": 0.0,
  "min_storage": 317462078.0662278,
  "weeks_below_Smin": 13,
  "release_balance_error": 0.0,
  "feasible": true,
  "runtime_seconds": 0.0,
  "delta_u": 2871916.055941233,
  "u_max": 2871916.055941233,
  "eta": 0.1,
  "S_max": 3288726000.0,
  "S_min": 822181500.0,
  "delta_u_full_ref": 3053171.405289538,
  "w1": 1.1379449341810258e-19,
  "w2": 1.0103579677227689e-15,
  "w3": 2.755521730153006e-16,
  "encoding": null,
  "n_qubits": null,
  "p_depth": null,
  "energy": null,
  "approximation_ratio": null,
  "seed": null,
  "simulator": null,
  "penalties": null,
  "window_start": 20,
  "window_label": "middle",
  "u": [
    0.0,
    0.0,
    0.0,
    0.0,
    0.0,
    0.0,
    0.0,
    0.0,
    0.0,
    0.0,
    0.0,
    0.0
  ],
  "B": 13943589.912088482,
  "violations": {
    "release_negative": 0,
    "u_exceeds_umax": 0,
    "storage_out_of_bounds": 0,
    "balance_excess": 0.0,
    "min_release": 8416748.052117731,
    "min_storage": 317462078.0662278,
    "max_storage": 428442400.00000024,
    "abs_balance": 0.0
  },
  "references": {
    "historical": -0.29242934804209647,
    "threshold": -0.37155936601898537,
    "dp": -0.29242934804209647
  }
}