{
  "run_id": "small_T12_L3_threshold_pure_20260630-164135",
  "timestamp": "20260630-164135",
  "owner": "",
  "method": "threshold",
  "variant": "pure",
  "instance": "small",
  "T": 12,
  "L": 3,
  "official_status": "preliminary",
  "SRS": -0.2996717088403238,
  "Ccrit": 2.413752200039485e+18,
  "Cdev": 90436273864909.84,
  "Csmooth": 0.0,
  "dSRS_vs_historical": -0.003407404893335908,
  "dSRS_vs_threshold": 0.0,
  "dSRS_vs_dp": -0.006143166462226568,
  "min_storage": 375611223.3226168,
  "weeks_below_Smin": 13,
  "release_balance_error": 19950597.00360389,
  "feasible": false,
  "runtime_seconds": 3.7919962778687477e-06,
  "delta_u": 2745242.458401289,
  "u_max": 5490484.916802578,
  "eta": 0.1,
  "S_max": 3288726000.0,
  "S_min": 822181500.0,
  "delta_u_full_ref": 3053171.405289538,
  "w1": 1.1379449341810258e-19,
  "w2": 2.7643774927463315e-16,
  "w3": 7.539211343853632e-17,
  "encoding": null,
  "n_qubits": null,
  "p_depth": null,
  "energy": null,
  "approximation_ratio": null,
  "seed": null,
  "simulator": null,
  "penalties": null,
  "u": [
    -2745242.458401289,
    -2745242.458401289,
    -2745242.458401289,
    -2745242.458401289,
    -2745242.458401289,
    -2745242.458401289,
    -2745242.458401289,
    -2745242.458401289,
    -2745242.458401289,
    -2745242.458401289,
    -2745242.458401289,
    -2745242.458401289
  ],
  "B": 12992312.497211577,
  "violations": {
    "release_negative": 0,
    "u_exceeds_umax": 0,
    "storage_out_of_bounds": 0,
    "balance_excess": 19950597.00360389,
    "min_release": 574703.2118675085,
    "min_storage": 375611223.3226168,
    "max_storage": 413308720.94792515,
    "abs_balance": 32942909.500815466
  },
  "references": {
    "historical": -0.2962643039469879,
    "threshold": -0.2996717088403238,
    "dp": -0.2935285423780972
  }
}