{
  "run_id": "small_T12_L3_threshold_clamped_stress_20260701-011643",
  "timestamp": "20260701-011643",
  "owner": "",
  "method": "threshold",
  "variant": "clamped",
  "instance": "small",
  "T": 12,
  "L": 3,
  "official_status": "preliminary",
  "SRS": -0.4050815907735363,
  "Ccrit": 2.680987292175981e+18,
  "Cdev": 103461802136710.55,
  "Csmooth": 0.0,
  "dSRS_vs_historical": -0.07579833543496073,
  "dSRS_vs_threshold": 0.0,
  "dSRS_vs_dp": -0.07579833543496073,
  "min_storage": 338016129.3795715,
  "weeks_below_Smin": 13,
  "release_balance_error": 18939802.697505556,
  "feasible": false,
  "runtime_seconds": 0.0,
  "delta_u": 2936293.0447633937,
  "u_max": 2936293.0447633937,
  "eta": 0.1,
  "S_max": 3288726000.0,
  "S_min": 822181500.0,
  "delta_u_full_ref": 3053171.405289538,
  "w1": 1.1379449341810258e-19,
  "w2": 9.66540287669296e-16,
  "w3": 2.636018966370807e-16,
  "encoding": null,
  "n_qubits": null,
  "p_depth": null,
  "energy": null,
  "approximation_ratio": null,
  "seed": null,
  "simulator": null,
  "penalties": null,
  "window_start": 13,
  "window_label": "stress",
  "u": [
    -2936293.0447633937,
    -2936293.0447633937,
    -2936293.0447633937,
    -2936293.0447633937,
    -2936293.0447633937,
    -2936293.0447633937,
    -2936293.0447633937,
    -2936293.0447633937,
    -2936293.0447633937,
    -2936293.0447633937,
    -2936293.0447633937,
    -2936293.0447633937
  ],
  "B": 16295713.83965517,
  "violations": {
    "release_negative": 0,
    "u_exceeds_umax": 0,
    "storage_out_of_bounds": 0,
    "balance_excess": 18939802.697505556,
    "min_release": 5480455.007354338,
    "min_storage": 338016129.3795715,
    "max_storage": 392742916.5371608,
    "abs_balance": 35235516.537160724
  },
  "references": {
    "historical": -0.32928325533857555,
    "threshold": -0.4050815907735363,
    "dp": -0.32928325533857555
  }
}