{
  "run_id": "small_T12_L3_threshold_balanced_20260630-204114",
  "timestamp": "20260630-204114",
  "owner": "",
  "method": "threshold",
  "variant": "balanced",
  "instance": "small",
  "T": 12,
  "L": 3,
  "official_status": "preliminary",
  "SRS": -0.32023308783264265,
  "Ccrit": 2.5012372626925655e+18,
  "Cdev": 30145424621636.61,
  "Csmooth": 7536356155409.152,
  "dSRS_vs_historical": -0.023968783885654765,
  "dSRS_vs_threshold": 0.054438621007681154,
  "dSRS_vs_dp": -0.023968783885654765,
  "min_storage": 359950769.8336055,
  "weeks_below_Smin": 13,
  "release_balance_error": 0.0,
  "feasible": true,
  "runtime_seconds": 2.749991836026311e-06,
  "delta_u": 2745242.458401289,
  "u_max": 2745242.458401289,
  "eta": 0.1,
  "S_max": 3288726000.0,
  "S_min": 822181500.0,
  "delta_u_full_ref": 3053171.405289538,
  "w1": 1.1379449341810258e-19,
  "w2": 1.1057509970985326e-15,
  "w3": 3.015684537541453e-16,
  "encoding": null,
  "n_qubits": null,
  "p_depth": null,
  "energy": null,
  "approximation_ratio": null,
  "seed": null,
  "simulator": null,
  "penalties": null,
  "u": [
    -2745242.458401289,
    -2745242.458401289,
    -2745242.458401289,
    -2745242.458401289,
    0.0,
    0.0,
    0.0,
    0.0,
    0.0,
    0.0,
    0.0,
    0.0
  ],
  "B": 12992312.497211577,
  "violations": {
    "release_negative": 0,
    "u_exceeds_umax": 0,
    "storage_out_of_bounds": 0,
    "balance_excess": 0.0,
    "min_release": 574703.2118675085,
    "min_storage": 359950769.8336055,
    "max_storage": 413308720.94792515,
    "abs_balance": 10980969.833605155
  },
  "references": {
    "historical": -0.2962643039469879,
    "threshold": -0.3746717088403238,
    "dp": -0.2962643039469879
  }
}