{
  "run_id": "small_T12_L3_historical_first_20260701-011633",
  "timestamp": "20260701-011633",
  "owner": "",
  "method": "historical",
  "variant": null,
  "instance": "small",
  "T": 12,
  "L": 3,
  "official_status": "preliminary",
  "SRS": -0.2962643039469879,
  "Ccrit": 2.603502990768249e+18,
  "Cdev": 0.0,
  "Csmooth": 0.0,
  "dSRS_vs_historical": 0.0,
  "dSRS_vs_threshold": 0.07840740489333592,
  "dSRS_vs_dp": 0.0,
  "min_storage": 348969800.0000005,
  "weeks_below_Smin": 13,
  "release_balance_error": 0.0,
  "feasible": true,
  "runtime_seconds": 0.0,
  "delta_u": 2745242.458401289,
  "u_max": 2745242.458401289,
  "eta": 0.1,
  "S_max": 3288726000.0,
  "S_min": 822181500.0,
  "delta_u_full_ref": 3053171.405289538,
  "w1": 1.1379449341810258e-19,
  "w2": 1.1057509970985326e-15,
  "w3": 3.015684537541453e-16,
  "encoding": null,
  "n_qubits": null,
  "p_depth": null,
  "energy": null,
  "approximation_ratio": null,
  "seed": null,
  "simulator": null,
  "penalties": null,
  "window_start": 0,
  "window_label": "first",
  "u": [
    0.0,
    0.0,
    0.0,
    0.0,
    0.0,
    0.0,
    0.0,
    0.0,
    0.0,
    0.0,
    0.0,
    0.0
  ],
  "B": 12992312.497211577,
  "violations": {
    "release_negative": 0,
    "u_exceeds_umax": 0,
    "storage_out_of_bounds": 0,
    "balance_excess": 0.0,
    "min_release": 3319945.6702687973,
    "min_storage": 348969800.0000005,
    "max_storage": 402327751.1143201,
    "abs_balance": 0.0
  },
  "references": {
    "historical": -0.2962643039469879,
    "threshold": -0.3746717088403238,
    "dp": -0.2962643039469879
  }
}