{
  "run_id": "small_T12_L3_threshold_balanced_stress_20260701-011643",
  "timestamp": "20260701-011643",
  "owner": "",
  "method": "threshold",
  "variant": "balanced",
  "instance": "small",
  "T": 12,
  "L": 3,
  "official_status": "preliminary",
  "SRS": -0.3574870649032468,
  "Ccrit": 2.755385269934101e+18,
  "Cdev": 43109084223629.41,
  "Csmooth": 8621816844725.881,
  "dSRS_vs_historical": -0.028203809564671223,
  "dSRS_vs_threshold": 0.047594525870289506,
  "dSRS_vs_dp": -0.028203809564671223,
  "min_storage": 332143543.2900447,
  "weeks_below_Smin": 13,
  "release_balance_error": 0.0,
  "feasible": true,
  "runtime_seconds": 0.0,
  "delta_u": 2936293.0447633937,
  "u_max": 2936293.0447633937,
  "eta": 0.1,
  "S_max": 3288726000.0,
  "S_min": 822181500.0,
  "delta_u_full_ref": 3053171.405289538,
  "w1": 1.1379449341810258e-19,
  "w2": 9.66540287669296e-16,
  "w3": 2.636018966370807e-16,
  "encoding": null,
  "n_qubits": null,
  "p_depth": null,
  "energy": null,
  "approximation_ratio": null,
  "seed": null,
  "simulator": null,
  "penalties": null,
  "window_start": 13,
  "window_label": "stress",
  "u": [
    -2936293.0447633937,
    -2936293.0447633937,
    -2936293.0447633937,
    -2936293.0447633937,
    -2936293.0447633937,
    0.0,
    0.0,
    0.0,
    0.0,
    0.0,
    0.0,
    0.0
  ],
  "B": 16295713.83965517,
  "violations": {
    "release_negative": 0,
    "u_exceeds_umax": 0,
    "storage_out_of_bounds": 0,
    "balance_excess": 0.0,
    "min_release": 8231249.727312176,
    "min_storage": 332143543.2900447,
    "max_storage": 378350000.0,
    "abs_balance": 14681465.223816969
  },
  "references": {
    "historical": -0.32928325533857555,
    "threshold": -0.4050815907735363,
    "dp": -0.32928325533857555
  }
}