{
  "run_id": "small_T12_L3_qaoa_binary_p1_20260701-023221",
  "timestamp": "20260701-023221",
  "owner": "",
  "method": "qaoa",
  "variant": "binary_p1",
  "instance": "small",
  "T": 12,
  "L": 3,
  "official_status": "preliminary",
  "SRS": -0.3892930265607522,
  "Ccrit": 2.462352167080065e+18,
  "Cdev": 90436273864909.84,
  "Csmooth": 30145424621636.61,
  "dSRS_vs_historical": -0.09302872261376433,
  "dSRS_vs_threshold": -0.014621317720428406,
  "dSRS_vs_dp": -0.09302872261376433,
  "min_storage": 365441254.75040805,
  "weeks_below_Smin": 13,
  "release_balance_error": 0.0,
  "feasible": true,
  "runtime_seconds": 189.2658464999986,
  "delta_u": 2745242.458401289,
  "u_max": 2745242.458401289,
  "eta": 0.1,
  "S_max": 3288726000.0,
  "S_min": 822181500.0,
  "delta_u_full_ref": 3053171.405289538,
  "w1": 1.1379449341810258e-19,
  "w2": 1.1057509970985326e-15,
  "w3": 3.015684537541453e-16,
  "encoding": "binary",
  "n_qubits": 24,
  "p_depth": 1,
  "energy": 0.43123925961340737,
  "approximation_ratio": 1.3140058433445645,
  "seed": 42,
  "simulator": "qiskit_aer_statevector",
  "penalties": {
    "onehot": 2.962643039469879,
    "R": 2.962643039469879,
    "bal_soft": 1.7551183706219105e-14,
    "bal_slack": 2.962643039469879
  },
  "beta": [
    2.775936597606
  ],
  "gamma": [
    1.1367406324311395
  ],
  "optimizer_iterations": 91,
  "window_start": null,
  "window_label": null,
  "u": [
    -2745242.458401289,
    -2745242.458401289,
    -2745242.458401289,
    -2745242.458401289,
    -2745242.458401289,
    -2745242.458401289,
    -2745242.458401289,
    -2745242.458401289,
    2745242.458401289,
    2745242.458401289,
    2745242.458401289,
    2745242.458401289
  ],
  "B": 12992312.497211577,
  "violations": {
    "release_negative": 0,
    "u_exceeds_umax": 0,
    "storage_out_of_bounds": 0,
    "balance_excess": 0.0,
    "min_release": 574703.2118675085,
    "min_storage": 365441254.75040805,
    "max_storage": 413308720.94792515,
    "abs_balance": 10980969.833605155
  },
  "references": {
    "historical": -0.2962643039469879,
    "threshold": -0.3746717088403238,
    "dp": -0.2962643039469879
  }
}