{
  "instance": "small",
  "T": 12,
  "L": 3,
  "block_size": 4,
  "backend": "ibm_kingston",
  "SRS": -0.2962643039469879,
  "dp": -0.2962643039469879,
  "historical": -0.2962643039469879,
  "AR": 1.0,
  "feasible": true,
  "gap_vs_full": 0.0,
  "n_qubits": 12,
  "u": [
    0.0,
    0.0,
    0.0,
    0.0,
    0.0,
    0.0,
    0.0,
    0.0,
    0.0,
    0.0,
    0.0,
    0.0
  ],
  "per_block": [
    {
      "block_idx": 0,
      "job_id": "d92jq4d958jc73brt6lg",
      "n_qubits": 12,
      "one_hot_frac_hw": 0.31640625,
      "n_feasible_samples": 19,
      "best_SRS": -0.10710997229395502,
      "best_feasible": true,
      "source": "hw",
      "feasible_srs_dist": [
        [
          -0.16825575973547946,
          22
        ],
        [
          -0.13004550551603455,
          32
        ],
        [
          -0.10710997229395502,
          44
        ],
        [
          -0.13768946677438823,
          32
        ],
        [
          -0.13114756642489617,
          17
        ],
        [
          -0.15062858510012886,
          32
        ],
        [
          -0.13541655679294784,
          31
        ],
        [
          -0.13540372069103207,
          15
        ],
        [
          -0.16717973644787554,
          21
        ],
        [
          -0.1348657090472301,
          28
        ],
        [
          -0.1291382845189429,
          21
        ],
        [
          -0.15863967510268415,
          33
        ],
        [
          -0.1275110480681951,
          20
        ],
        [
          -0.13487854514914588,
          25
        ],
        [
          -0.1300583416179503,
          24
        ],
        [
          -0.15861400289885264,
          28
        ],
        [
          -0.1311347303229804,
          24
        ],
        [
          -0.13713825361124432,
          30
        ],
        [
          -0.14845013548623714,
          30
        ]
      ]
    },
    {
      "block_idx": 1,
      "job_id": "d92jq4nd07jc73dvdj8g",
      "n_qubits": 12,
      "one_hot_frac_hw": 0.31201171875,
      "n_feasible_samples": 71,
      "best_SRS": -0.1103716561813857,
      "best_feasible": true,
      "source": "hw",
      "feasible_srs_dist": [
        [
          -0.1103716561813857,
          37
        ],
        [
          -0.13329957475066434,
          29
        ],
        [
          -0.1381198008775109,
          22
        ],
        [
          -0.12736334713100209,
          12
        ],
        [
          -0.14956384739807735,
          14
        ],
        [
          -0.1330080550581257,
          9
        ],
        [
          -0.14818085103935302,
          21
        ],
        [
          -0.13076104181755183,
          35
        ],
        [
          -0.1349951936133514,
          5
        ],
        [
          -0.14643406352627225,
          18
        ],
        [
          -0.13440051229133512,
          25
        ],
        [
          -0.1301749364538448,
          12
        ],
        [
          -0.16076737582039785,
          5
        ],
        [
          -0.12382262431429418,
          20
        ],
        [
          -0.13441686496512772,
          31
        ],
        [
          -0.13272810686908804,
          6
        ],
        [
          -0.15505320299617306,
          8
        ],
        [
          -0.12409911108734804,
          17
        ],
        [
          -0.16190487556199168,
          22
        ],
        [
          -0.1386694800637358,
          31
        ],
        [
          -0.13966484021334394,
          16
        ],
        [
          -0.1498403341711312,
          16
        ],
        [
          -0.13554830318290004,
          7
        ],
        [
          -0.13331592742445694,
          34
        ],
        [
          -0.154991646104749,
          24
        ],
        [
          -0.13298998719267124,
          10
        ],
        [
          -0.140399914903024,
          38
        ],
        [
          -0.14903052088564503,
          18
        ],
        [
          -0.1312810506021612,
          6
        ],
        [
          -0.12268169418937665,
          20
        ],
        [
          -0.146748827691911,
          12
        ],
        [
          -0.14095117325746986,
          22
        ],
        [
          -0.13241165854444756,
          26
        ],
        [
          -0.1401745268153221,
          18
        ],
        [
          -0.12069112525082723,
          28
        ],
        [
          -0.12240692260798466,
          18
        ],
        [
          -0.14704166713875744,
          16
        ],
        [
          -0.1715291111653331,
          39
        ],
        [
          -0.15666590274209885,
          22
        ],
        [
          -0.1381361535513035,
          30
        ],
        [
          -0.11986838967487215,
          19
        ],
        [
          -0.14786954828969806,
          20
        ],
        [
          -0.15390198172128444,
          22
        ],
        [
          -0.13868583273752844,
          25
        ],
        [
          -0.12126602351572723,
          20
        ],
        [
          -0.15526483851792008,
          15
        ],
        [
          -0.15170010663994288,
          24
        ],
        [
          -0.1481296823889593,
          14
        ],
        [
          -0.14159708928827902,
          20
        ],
        [
          -0.15040979641447244,
          19
        ],
        [
          -0.16021954784927567,
          5
        ],
        [
          -0.1476182495626592,
          18
        ],
        [
          -0.16187217021440647,
          18
        ],
        [
          -0.14898894913317737,
          21
        ],
        [
          -0.13825428408201992,
          16
        ],
        [
          -0.13017325229484303,
          9
        ],
        [
          -0.15639099513726593,
          13
        ],
        [
          -0.16357121946041725,
          3
        ],
        [
          -0.1284574239050255,
          7
        ],
        [
          -0.14672518778145682,
          15
        ],
        [
          -0.15339229511930627,
          8
        ],
        [
          -0.14535290904271775,
          17
        ],
        [
          -0.14561132795031717,
          23
        ],
        [
          -0.14845562262074502,
          14
        ],
        [
          -0.17042975279288325,
          29
        ],
        [
          -0.12209390466666786,
          19
        ],
        [
          -0.13018957393597555,
          5
        ],
        [
          -0.15056946766499643,
          13
        ],
        [
          -0.1630165307226477,
          3
        ],
        [
          -0.15220979324192108,
          1
        ],
        [
          -0.13218185806618682,
          4
        ]
      ]
    },
    {
      "block_idx": 2,
      "job_id": "d92jq4vd07jc73dvdj90",
      "n_qubits": 12,
      "one_hot_frac_hw": 0.354736328125,
      "n_feasible_samples": 51,
      "best_SRS": -0.12292886039969972,
      "best_feasible": true,
      "source": "hw",